{
    "utterances": [
        {
            "text": "Activate",
            "entities": [],
            "traits": [
                {
                    "trait": "wit$on_off",
                    "value": "on"
                }
            ],
            "intent": "turn_on"
        },
        {
            "text": "Activate the radio",
            "entities": [],
            "traits": [
                {
                    "trait": "wit$on_off",
                    "value": "on"
                }
            ],
            "intent": "turn_on_radio"
        },
        {
            "text": "Be a noisey bird",
            "entities": [],
            "traits": [],
            "intent": "wake_up_bea"
        },
        {
            "text": "Beautiful bird",
            "entities": [],
            "traits": [],
            "intent": "pretty_bird"
        },
        {
            "text": "Blast it across the room",
            "entities": [
                {
                    "entity": "direction:direction",
                    "start": 9,
                    "end": 15,
                    "body": "across",
                    "entities": []
                },
                {
                    "entity": "move_strength:move_strength",
                    "start": 0,
                    "end": 6,
                    "body": "Blast ",
                    "entities": []
                }
            ],
            "traits": [],
            "intent": "move"
        },
        {
            "text": "Blue",
            "entities": [
                {
                    "entity": "color:color",
                    "start": 0,
                    "end": 4,
                    "body": "Blue",
                    "entities": []
                }
            ],
            "traits": []
        },
        {
            "text": "Bring it a little bit closer",
            "entities": [],
            "traits": [],
            "intent": "move"
        },
        {
            "text": "Bring it closer",
            "entities": [
                {
                    "entity": "direction:direction",
                    "start": 9,
                    "end": 15,
                    "body": "closer",
                    "entities": []
                }
            ],
            "traits": [],
            "intent": "move"
        },
        {
            "text": "Bring it to me",
            "entities": [
                {
                    "entity": "direction:direction",
                    "start": 9,
                    "end": 14,
                    "body": "to me",
                    "entities": []
                }
            ],
            "traits": [],
            "intent": "move"
        },
        {
            "text": "Bring to me",
            "entities": [
                {
                    "entity": "direction:direction",
                    "start": 6,
                    "end": 11,
                    "body": "to me",
                    "entities": []
                }
            ],
            "traits": [],
            "intent": "move"
        },
        {
            "text": "Change radio station",
            "entities": [],
            "traits": [],
            "intent": "change_station"
        },
        {
            "text": "Change station",
            "entities": [],
            "traits": [],
            "intent": "change_station"
        },
        {
            "text": "Change the channel",
            "entities": [],
            "traits": [],
            "intent": "change_station"
        },
        {
            "text": "Change the channel again.",
            "entities": [],
            "traits": [],
            "intent": "change_station"
        },
        {
            "text": "Change the music",
            "entities": [],
            "traits": [],
            "intent": "change_station"
        },
        {
            "text": "Change the radio station",
            "entities": [],
            "traits": [],
            "intent": "change_station"
        },
        {
            "text": "Change the station",
            "entities": [],
            "traits": [],
            "intent": "change_station"
        },
        {
            "text": "Change this channel",
            "entities": [],
            "traits": [],
            "intent": "change_station"
        },
        {
            "text": "Change tune",
            "entities": [],
            "traits": [],
            "intent": "change_station"
        },
        {
            "text": "Chnage radio station",
            "entities": [],
            "traits": []
        },
        {
            "text": "Close",
            "entities": [],
            "traits": [
                {
                    "trait": "wit$on_off",
                    "value": "off"
                }
            ],
            "intent": "close"
        },
        {
            "text": "Close box",
            "entities": [],
            "traits": [
                {
                    "trait": "wit$on_off",
                    "value": "off"
                }
            ],
            "intent": "close"
        },
        {
            "text": "Close chest",
            "entities": [],
            "traits": []
        },
        {
            "text": "Close drawer",
            "entities": [],
            "traits": [
                {
                    "trait": "wit$on_off",
                    "value": "off"
                }
            ],
            "intent": "close"
        },
        {
            "text": "Close it",
            "entities": [],
            "traits": [
                {
                    "trait": "wit$on_off",
                    "value": "off"
                }
            ],
            "intent": "close"
        },
        {
            "text": "Close the cabinet",
            "entities": [],
            "traits": []
        },
        {
            "text": "Close the cabinet drawer",
            "entities": [],
            "traits": []
        },
        {
            "text": "Close the chest",
            "entities": [],
            "traits": [
                {
                    "trait": "wit$on_off",
                    "value": "off"
                }
            ],
            "intent": "close"
        },
        {
            "text": "Close the drawer",
            "entities": [],
            "traits": [
                {
                    "trait": "wit$on_off",
                    "value": "off"
                }
            ],
            "intent": "close"
        },
        {
            "text": "Close the faucet",
            "entities": [],
            "traits": []
        },
        {
            "text": "Close the treasure chest",
            "entities": [],
            "traits": [
                {
                    "trait": "wit$on_off",
                    "value": "off"
                }
            ],
            "intent": "close"
        },
        {
            "text": "Close the trunk",
            "entities": [],
            "traits": []
        },
        {
            "text": "Come closer to me",
            "entities": [
                {
                    "entity": "direction:direction",
                    "start": 5,
                    "end": 11,
                    "body": "closer",
                    "entities": []
                }
            ],
            "traits": [],
            "intent": "move"
        },
        {
            "text": "Come here",
            "entities": [
                {
                    "entity": "direction:direction",
                    "start": 5,
                    "end": 9,
                    "body": "here",
                    "entities": []
                }
            ],
            "traits": [],
            "intent": "move"
        },
        {
            "text": "Could you please sing me a song?",
            "entities": [],
            "traits": [],
            "intent": "bird_song"
        },
        {
            "text": "Deactivate",
            "entities": [],
            "traits": [
                {
                    "trait": "wit$on_off",
                    "value": "off"
                }
            ],
            "intent": "turn_off"
        },
        {
            "text": "Deactivate the radio",
            "entities": [],
            "traits": [],
            "intent": "turn_off_radio"
        },
        {
            "text": "Decrease the volume",
            "entities": [],
            "traits": []
        },
        {
            "text": "Different music",
            "entities": [],
            "traits": [],
            "intent": "change_station"
        },
        {
            "text": "Dig a hole",
            "entities": [],
            "traits": []
        },
        {
            "text": "Disable gravity",
            "entities": [],
            "traits": [],
            "intent": "levitate"
        },
        {
            "text": "Drop",
            "entities": [],
            "traits": [],
            "intent": "drop"
        },
        {
            "text": "Drop it",
            "entities": [],
            "traits": [],
            "intent": "drop"
        },
        {
            "text": "Fill the pot witih soil",
            "entities": [],
            "traits": []
        },
        {
            "text": "Fill with water",
            "entities": [],
            "traits": [
                {
                    "trait": "wit$on_off",
                    "value": "on"
                }
            ],
            "intent": "turn_on_water"
        },
        {
            "text": "Float",
            "entities": [],
            "traits": [],
            "intent": "levitate"
        },
        {
            "text": "Float into the air",
            "entities": [],
            "traits": [],
            "intent": "levitate"
        },
        {
            "text": "Fly up into the air",
            "entities": [
                {
                    "entity": "direction:direction",
                    "start": 4,
                    "end": 6,
                    "body": "up",
                    "entities": []
                }
            ],
            "traits": [],
            "intent": "move"
        },
        {
            "text": "Give me a hint",
            "entities": [],
            "traits": [],
            "intent": "help"
        },
        {
            "text": "Go right",
            "entities": [
                {
                    "entity": "direction:direction",
                    "start": 3,
                    "end": 8,
                    "body": "right",
                    "entities": []
                }
            ],
            "traits": [],
            "intent": "move"
        },
        {
            "text": "Go to the right",
            "entities": [
                {
                    "entity": "direction:direction",
                    "start": 10,
                    "end": 15,
                    "body": "right",
                    "entities": []
                }
            ],
            "traits": [],
            "intent": "move"
        },
        {
            "text": "Go up",
            "entities": [
                {
                    "entity": "direction:direction",
                    "start": 3,
                    "end": 5,
                    "body": "up",
                    "entities": []
                }
            ],
            "traits": [],
            "intent": "move"
        },
        {
            "text": "Good evening",
            "entities": [],
            "traits": [],
            "intent": "hello"
        },
        {
            "text": "Good morning",
            "entities": [],
            "traits": [],
            "intent": "hello"
        },
        {
            "text": "Green",
            "entities": [],
            "traits": []
        },
        {
            "text": "Greetings",
            "entities": [],
            "traits": [],
            "intent": "hello"
        },
        {
            "text": "Harold I need help",
            "entities": [],
            "traits": [],
            "intent": "help"
        },
        {
            "text": "Harold, Help!",
            "entities": [],
            "traits": [],
            "intent": "help"
        },
        {
            "text": "Hello",
            "entities": [],
            "traits": [],
            "intent": "hello"
        },
        {
            "text": "Hello Harold",
            "entities": [],
            "traits": [],
            "intent": "hello"
        },
        {
            "text": "Hello bird",
            "entities": [],
            "traits": [],
            "intent": "hello"
        },
        {
            "text": "Hello birdy",
            "entities": [],
            "traits": [],
            "intent": "hello"
        },
        {
            "text": "Hello there",
            "entities": [],
            "traits": [],
            "intent": "hello"
        },
        {
            "text": "Hello there.",
            "entities": [],
            "traits": [],
            "intent": "hello"
        },
        {
            "text": "Help",
            "entities": [],
            "traits": [],
            "intent": "help"
        },
        {
            "text": "Help, Harold!",
            "entities": [],
            "traits": [],
            "intent": "help"
        },
        {
            "text": "Hey Harold now what",
            "entities": [],
            "traits": [],
            "intent": "help"
        },
        {
            "text": "Hey bird what do I do now",
            "entities": [],
            "traits": [],
            "intent": "help"
        },
        {
            "text": "Hi bird",
            "entities": [],
            "traits": [],
            "intent": "hello"
        },
        {
            "text": "How are you?",
            "entities": [],
            "traits": [],
            "intent": "hello"
        },
        {
            "text": "I could use a hint.",
            "entities": [],
            "traits": [],
            "intent": "help"
        },
        {
            "text": "I need help!",
            "entities": [],
            "traits": [],
            "intent": "help"
        },
        {
            "text": "I need some help",
            "entities": [],
            "traits": [],
            "intent": "help"
        },
        {
            "text": "I sure could use some help",
            "entities": [],
            "traits": [],
            "intent": "help"
        },
        {
            "text": "I sure could use some help right now",
            "entities": [],
            "traits": [],
            "intent": "help"
        },
        {
            "text": "I'm confused",
            "entities": [],
            "traits": [],
            "intent": "help"
        },
        {
            "text": "I'm stuck",
            "entities": [],
            "traits": [],
            "intent": "help"
        },
        {
            "text": "Is it a pretty pretty",
            "entities": [],
            "traits": []
        },
        {
            "text": "It was a pretty pretty",
            "entities": [],
            "traits": []
        },
        {
            "text": "Jump",
            "entities": [],
            "traits": [],
            "intent": "jump"
        },
        {
            "text": "Jump up a little bit",
            "entities": [
                {
                    "entity": "direction:direction",
                    "start": 5,
                    "end": 7,
                    "body": "up",
                    "entities": []
                }
            ],
            "traits": [
                {
                    "trait": "wit$on_off",
                    "value": "on"
                }
            ],
            "intent": "jump"
        },
        {
            "text": "Jump up high",
            "entities": [
                {
                    "entity": "direction:direction",
                    "start": 5,
                    "end": 7,
                    "body": "up",
                    "entities": []
                },
                {
                    "entity": "move_strength:move_strength",
                    "start": 8,
                    "end": 12,
                    "body": "high",
                    "entities": []
                }
            ],
            "traits": [],
            "intent": "jump"
        },
        {
            "text": "Last station",
            "entities": [],
            "traits": []
        },
        {
            "text": "Launch it into the air a bunch",
            "entities": [],
            "traits": [],
            "intent": "move"
        },
        {
            "text": "Launch it into the air a lot",
            "entities": [
                {
                    "entity": "move_strength:move_strength",
                    "start": 23,
                    "end": 28,
                    "body": "a lot",
                    "entities": []
                }
            ],
            "traits": [],
            "intent": "move"
        },
        {
            "text": "Levitate",
            "entities": [],
            "traits": [],
            "intent": "levitate"
        },
        {
            "text": "Listen to music",
            "entities": [],
            "traits": [
                {
                    "trait": "wit$on_off",
                    "value": "on"
                }
            ],
            "intent": "turn_on_radio"
        },
        {
            "text": "Listen to something",
            "entities": [],
            "traits": [
                {
                    "trait": "wit$on_off",
                    "value": "on"
                }
            ],
            "intent": "turn_on_radio"
        },
        {
            "text": "Listen to the radio",
            "entities": [],
            "traits": [
                {
                    "trait": "wit$on_off",
                    "value": "on"
                }
            ],
            "intent": "turn_on_radio"
        },
        {
            "text": "Louder",
            "entities": [],
            "traits": []
        },
        {
            "text": "Lower the volume",
            "entities": [],
            "traits": []
        },
        {
            "text": "Make a bunch of noise",
            "entities": [],
            "traits": [],
            "intent": "wake_up_bea"
        },
        {
            "text": "Make it fall",
            "entities": [],
            "traits": [],
            "intent": "drop"
        },
        {
            "text": "Make it float",
            "entities": [],
            "traits": [],
            "intent": "levitate"
        },
        {
            "text": "Make it float.",
            "entities": [],
            "traits": [],
            "intent": "levitate"
        },
        {
            "text": "Make it levitate",
            "entities": [],
            "traits": [],
            "intent": "levitate"
        },
        {
            "text": "Make noise",
            "entities": [],
            "traits": [],
            "intent": "wake_up_bea"
        },
        {
            "text": "Make noise bird",
            "entities": [],
            "traits": [],
            "intent": "wake_up_bea"
        },
        {
            "text": "Make some noise",
            "entities": [],
            "traits": [],
            "intent": "wake_up_bea"
        },
        {
            "text": "Make some sound",
            "entities": [],
            "traits": [
                {
                    "trait": "wit$on_off",
                    "value": "on"
                }
            ],
            "intent": "wake_up_bea"
        },
        {
            "text": "Mind control",
            "entities": [],
            "traits": []
        },
        {
            "text": "More volume",
            "entities": [],
            "traits": []
        },
        {
            "text": "Move a little back",
            "entities": [
                {
                    "entity": "direction:direction",
                    "start": 14,
                    "end": 18,
                    "body": "back",
                    "entities": []
                }
            ],
            "traits": [],
            "intent": "move"
        },
        {
            "text": "Move a little bit",
            "entities": [],
            "traits": [],
            "intent": "move"
        },
        {
            "text": "Move a little bit left",
            "entities": [
                {
                    "entity": "direction:direction",
                    "start": 18,
                    "end": 22,
                    "body": "left",
                    "entities": []
                }
            ],
            "traits": [],
            "intent": "move"
        },
        {
            "text": "Move a little forward",
            "entities": [
                {
                    "entity": "direction:direction",
                    "start": 14,
                    "end": 21,
                    "body": "forward",
                    "entities": []
                }
            ],
            "traits": [],
            "intent": "move"
        },
        {
            "text": "Move away",
            "entities": [
                {
                    "entity": "direction:direction",
                    "start": 5,
                    "end": 9,
                    "body": "away",
                    "entities": []
                }
            ],
            "traits": [],
            "intent": "move"
        },
        {
            "text": "Move away from me",
            "entities": [
                {
                    "entity": "direction:direction",
                    "start": 5,
                    "end": 9,
                    "body": "away",
                    "entities": []
                }
            ],
            "traits": [],
            "intent": "move"
        },
        {
            "text": "Move backwards",
            "entities": [
                {
                    "entity": "direction:direction",
                    "start": 5,
                    "end": 14,
                    "body": "backwards",
                    "entities": []
                }
            ],
            "traits": [],
            "intent": "move"
        },
        {
            "text": "Move closer",
            "entities": [
                {
                    "entity": "direction:direction",
                    "start": 5,
                    "end": 11,
                    "body": "closer",
                    "entities": []
                }
            ],
            "traits": [],
            "intent": "move"
        },
        {
            "text": "Move closer.",
            "entities": [
                {
                    "entity": "direction:direction",
                    "start": 5,
                    "end": 11,
                    "body": "closer",
                    "entities": []
                }
            ],
            "traits": [],
            "intent": "move"
        },
        {
            "text": "Move it a little bit to the right",
            "entities": [
                {
                    "entity": "direction:direction",
                    "start": 28,
                    "end": 33,
                    "body": "right",
                    "entities": []
                }
            ],
            "traits": [],
            "intent": "move"
        },
        {
            "text": "Move it away",
            "entities": [
                {
                    "entity": "direction:direction",
                    "start": 8,
                    "end": 12,
                    "body": "away",
                    "entities": []
                }
            ],
            "traits": [],
            "intent": "move"
        },
        {
            "text": "Move it closer",
            "entities": [],
            "traits": [],
            "intent": "move"
        },
        {
            "text": "Move it to the left",
            "entities": [
                {
                    "entity": "direction:direction",
                    "start": 15,
                    "end": 19,
                    "body": "left",
                    "entities": []
                }
            ],
            "traits": [],
            "intent": "move"
        },
        {
            "text": "Move it to the right a lot",
            "entities": [
                {
                    "entity": "direction:direction",
                    "start": 15,
                    "end": 21,
                    "body": "right ",
                    "entities": []
                },
                {
                    "entity": "move_strength:move_strength",
                    "start": 21,
                    "end": 26,
                    "body": "a lot",
                    "entities": []
                }
            ],
            "traits": [],
            "intent": "move"
        },
        {
            "text": "Move it toward me a little",
            "entities": [
                {
                    "entity": "direction:direction",
                    "start": 8,
                    "end": 14,
                    "body": "toward",
                    "entities": []
                },
                {
                    "entity": "move_strength:move_strength",
                    "start": 18,
                    "end": 26,
                    "body": "a little",
                    "entities": []
                }
            ],
            "traits": [],
            "intent": "move"
        },
        {
            "text": "Move it up a lot",
            "entities": [
                {
                    "entity": "direction:direction",
                    "start": 8,
                    "end": 10,
                    "body": "up",
                    "entities": []
                },
                {
                    "entity": "move_strength:move_strength",
                    "start": 11,
                    "end": 16,
                    "body": "a lot",
                    "entities": []
                }
            ],
            "traits": [],
            "intent": "move"
        },
        {
            "text": "Move left",
            "entities": [
                {
                    "entity": "direction:direction",
                    "start": 5,
                    "end": 9,
                    "body": "left",
                    "entities": []
                }
            ],
            "traits": [],
            "intent": "move"
        },
        {
            "text": "Move move closer.",
            "entities": [
                {
                    "entity": "direction:direction",
                    "start": 10,
                    "end": 16,
                    "body": "closer",
                    "entities": []
                }
            ],
            "traits": [],
            "intent": "move"
        },
        {
            "text": "Move right",
            "entities": [
                {
                    "entity": "direction:direction",
                    "start": 5,
                    "end": 10,
                    "body": "right",
                    "entities": []
                }
            ],
            "traits": [],
            "intent": "move"
        },
        {
            "text": "Move the pot into sunlight",
            "entities": [],
            "traits": []
        },
        {
            "text": "Move to the right",
            "entities": [
                {
                    "entity": "direction:direction",
                    "start": 12,
                    "end": 17,
                    "body": "right",
                    "entities": []
                }
            ],
            "traits": [],
            "intent": "move"
        },
        {
            "text": "Move to the wall",
            "entities": [
                {
                    "entity": "direction:direction",
                    "start": 8,
                    "end": 16,
                    "body": "the wall",
                    "entities": []
                }
            ],
            "traits": [],
            "intent": "move"
        },
        {
            "text": "Move to your left",
            "entities": [
                {
                    "entity": "direction:direction",
                    "start": 13,
                    "end": 17,
                    "body": "left",
                    "entities": []
                }
            ],
            "traits": [],
            "intent": "move"
        },
        {
            "text": "Move toward",
            "entities": [
                {
                    "entity": "direction:direction",
                    "start": 5,
                    "end": 11,
                    "body": "toward",
                    "entities": []
                }
            ],
            "traits": [],
            "intent": "move"
        },
        {
            "text": "Move toward me",
            "entities": [
                {
                    "entity": "direction:direction",
                    "start": 5,
                    "end": 11,
                    "body": "toward",
                    "entities": []
                }
            ],
            "traits": [],
            "intent": "move"
        },
        {
            "text": "Move write",
            "entities": [
                {
                    "entity": "direction:direction",
                    "start": 5,
                    "end": 10,
                    "body": "write",
                    "entities": []
                }
            ],
            "traits": [],
            "intent": "move"
        },
        {
            "text": "Moved to the left",
            "entities": [
                {
                    "entity": "direction:direction",
                    "start": 13,
                    "end": 17,
                    "body": "left",
                    "entities": []
                }
            ],
            "traits": [],
            "intent": "move"
        },
        {
            "text": "Music off",
            "entities": [],
            "traits": [
                {
                    "trait": "wit$on_off",
                    "value": "off"
                }
            ]
        },
        {
            "text": "Music on",
            "entities": [],
            "traits": [
                {
                    "trait": "wit$on_off",
                    "value": "on"
                }
            ],
            "intent": "turn_on_radio"
        },
        {
            "text": "New channel",
            "entities": [],
            "traits": [],
            "intent": "change_station"
        },
        {
            "text": "New station",
            "entities": [],
            "traits": [],
            "intent": "change_station"
        },
        {
            "text": "Next",
            "entities": [],
            "traits": [],
            "intent": "change_station"
        },
        {
            "text": "Next radio station",
            "entities": [],
            "traits": [],
            "intent": "change_station"
        },
        {
            "text": "Next station",
            "entities": [],
            "traits": [],
            "intent": "change_station"
        },
        {
            "text": "Next station.",
            "entities": [],
            "traits": [],
            "intent": "change_station"
        },
        {
            "text": "No more music",
            "entities": [],
            "traits": [
                {
                    "trait": "wit$on_off",
                    "value": "off"
                }
            ],
            "intent": "turn_off_radio"
        },
        {
            "text": "Not this music",
            "entities": [],
            "traits": [],
            "intent": "change_station"
        },
        {
            "text": "Now what",
            "entities": [],
            "traits": [],
            "intent": "help"
        },
        {
            "text": "Now what do I do?",
            "entities": [],
            "traits": [],
            "intent": "help"
        },
        {
            "text": "Now what?",
            "entities": [],
            "traits": [],
            "intent": "help"
        },
        {
            "text": "Nudge it closer",
            "entities": [
                {
                    "entity": "direction:direction",
                    "start": 9,
                    "end": 15,
                    "body": "closer",
                    "entities": []
                }
            ],
            "traits": [],
            "intent": "move"
        },
        {
            "text": "Nudge it closer.",
            "entities": [
                {
                    "entity": "direction:direction",
                    "start": 9,
                    "end": 15,
                    "body": "closer",
                    "entities": []
                }
            ],
            "traits": [],
            "intent": "move"
        },
        {
            "text": "Nudge it to the left.",
            "entities": [
                {
                    "entity": "direction:direction",
                    "start": 16,
                    "end": 20,
                    "body": "left",
                    "entities": []
                }
            ],
            "traits": [],
            "intent": "move"
        },
        {
            "text": "Nudge it to the right.",
            "entities": [
                {
                    "entity": "direction:direction",
                    "start": 16,
                    "end": 21,
                    "body": "right",
                    "entities": []
                }
            ],
            "traits": [],
            "intent": "move"
        },
        {
            "text": "Okay move right",
            "entities": [
                {
                    "entity": "direction:direction",
                    "start": 10,
                    "end": 15,
                    "body": "right",
                    "entities": []
                }
            ],
            "traits": [],
            "intent": "move"
        },
        {
            "text": "Open",
            "entities": [],
            "traits": [
                {
                    "trait": "wit$on_off",
                    "value": "on"
                }
            ],
            "intent": "open"
        },
        {
            "text": "Open box",
            "entities": [],
            "traits": [
                {
                    "trait": "wit$on_off",
                    "value": "on"
                }
            ],
            "intent": "open"
        },
        {
            "text": "Open chest",
            "entities": [],
            "traits": [
                {
                    "trait": "wit$on_off",
                    "value": "on"
                }
            ],
            "intent": "open"
        },
        {
            "text": "Open drawer",
            "entities": [],
            "traits": [
                {
                    "trait": "wit$on_off",
                    "value": "on"
                }
            ],
            "intent": "open"
        },
        {
            "text": "Open it",
            "entities": [],
            "traits": [
                {
                    "trait": "wit$on_off",
                    "value": "on"
                }
            ],
            "intent": "open"
        },
        {
            "text": "Open sesame",
            "entities": [],
            "traits": [
                {
                    "trait": "wit$on_off",
                    "value": "on"
                }
            ],
            "intent": "open"
        },
        {
            "text": "Open the box",
            "entities": [],
            "traits": [
                {
                    "trait": "wit$on_off",
                    "value": "on"
                }
            ],
            "intent": "open"
        },
        {
            "text": "Open the cabinet",
            "entities": [],
            "traits": []
        },
        {
            "text": "Open the chest",
            "entities": [],
            "traits": [
                {
                    "trait": "wit$on_off",
                    "value": "on"
                }
            ],
            "intent": "open"
        },
        {
            "text": "Open the drawer",
            "entities": [],
            "traits": [
                {
                    "trait": "wit$on_off",
                    "value": "on"
                }
            ],
            "intent": "open"
        },
        {
            "text": "Open the drawer please",
            "entities": [],
            "traits": [
                {
                    "trait": "wit$on_off",
                    "value": "on"
                }
            ],
            "intent": "open"
        },
        {
            "text": "Open the drawer.",
            "entities": [],
            "traits": [],
            "intent": "open"
        },
        {
            "text": "Open the faucet",
            "entities": [],
            "traits": []
        },
        {
            "text": "Open the treasure",
            "entities": [],
            "traits": [
                {
                    "trait": "wit$on_off",
                    "value": "on"
                }
            ]
        },
        {
            "text": "Open the treasure chest",
            "entities": [],
            "traits": [
                {
                    "trait": "wit$on_off",
                    "value": "on"
                }
            ],
            "intent": "open"
        },
        {
            "text": "Open the trunk",
            "entities": [],
            "traits": []
        },
        {
            "text": "Open treasure",
            "entities": [],
            "traits": [
                {
                    "trait": "wit$on_off",
                    "value": "on"
                }
            ],
            "intent": "open"
        },
        {
            "text": "Open treasure chest",
            "entities": [],
            "traits": [
                {
                    "trait": "wit$on_off",
                    "value": "on"
                }
            ],
            "intent": "open"
        },
        {
            "text": "Paul",
            "entities": [],
            "traits": []
        },
        {
            "text": "Paul here",
            "entities": [],
            "traits": []
        },
        {
            "text": "Paul toward me",
            "entities": [],
            "traits": []
        },
        {
            "text": "Pause music",
            "entities": [],
            "traits": [
                {
                    "trait": "wit$on_off",
                    "value": "off"
                }
            ],
            "intent": "turn_off_radio"
        },
        {
            "text": "Pick a different station",
            "entities": [],
            "traits": [],
            "intent": "change_station"
        },
        {
            "text": "Pick the red seeds",
            "entities": [
                {
                    "entity": "color:color",
                    "start": 9,
                    "end": 12,
                    "body": "red",
                    "entities": []
                }
            ],
            "traits": []
        },
        {
            "text": "Plant seeds",
            "entities": [],
            "traits": []
        },
        {
            "text": "Play a different station",
            "entities": [],
            "traits": [],
            "intent": "change_station"
        },
        {
            "text": "Play music",
            "entities": [],
            "traits": [
                {
                    "trait": "wit$on_off",
                    "value": "on"
                }
            ],
            "intent": "turn_on_radio"
        },
        {
            "text": "Play some music",
            "entities": [],
            "traits": [
                {
                    "trait": "wit$on_off",
                    "value": "on"
                }
            ],
            "intent": "turn_on_radio"
        },
        {
            "text": "Play something",
            "entities": [],
            "traits": [
                {
                    "trait": "wit$on_off",
                    "value": "on"
                }
            ],
            "intent": "turn_on_radio"
        },
        {
            "text": "Play the music",
            "entities": [],
            "traits": [
                {
                    "trait": "wit$on_off",
                    "value": "on"
                }
            ],
            "intent": "turn_on_radio"
        },
        {
            "text": "Please close the drawer",
            "entities": [],
            "traits": [
                {
                    "trait": "wit$on_off",
                    "value": "off"
                }
            ],
            "intent": "close"
        },
        {
            "text": "Please help",
            "entities": [],
            "traits": [],
            "intent": "help"
        },
        {
            "text": "Please sing something for me",
            "entities": [],
            "traits": [],
            "intent": "bird_song"
        },
        {
            "text": "Please turn it off",
            "entities": [],
            "traits": [
                {
                    "trait": "wit$on_off",
                    "value": "off"
                }
            ],
            "intent": "turn_off"
        },
        {
            "text": "Please turn it on",
            "entities": [],
            "traits": [
                {
                    "trait": "wit$on_off",
                    "value": "on"
                }
            ],
            "intent": "turn_on"
        },
        {
            "text": "Please turn off the radio",
            "entities": [],
            "traits": []
        },
        {
            "text": "Polly want a cracker?",
            "entities": [],
            "traits": [],
            "intent": "polly_want_cracker"
        },
        {
            "text": "Power down",
            "entities": [],
            "traits": [
                {
                    "trait": "wit$on_off",
                    "value": "off"
                }
            ],
            "intent": "turn_off"
        },
        {
            "text": "Power off",
            "entities": [],
            "traits": [
                {
                    "trait": "wit$on_off",
                    "value": "off"
                }
            ],
            "intent": "turn_off"
        },
        {
            "text": "Power up",
            "entities": [],
            "traits": [
                {
                    "trait": "wit$on_off",
                    "value": "on"
                }
            ],
            "intent": "turn_on"
        },
        {
            "text": "Pretty bird",
            "entities": [],
            "traits": [],
            "intent": "pretty_bird"
        },
        {
            "text": "Previous radio station",
            "entities": [],
            "traits": []
        },
        {
            "text": "Previous station",
            "entities": [],
            "traits": []
        },
        {
            "text": "Pull",
            "entities": [],
            "traits": [],
            "intent": "pull"
        },
        {
            "text": "Pull across the room",
            "entities": [
                {
                    "entity": "direction:direction",
                    "start": 5,
                    "end": 11,
                    "body": "across",
                    "entities": []
                }
            ],
            "traits": [],
            "intent": "pull"
        },
        {
            "text": "Pull away",
            "entities": [
                {
                    "entity": "direction:direction",
                    "start": 5,
                    "end": 9,
                    "body": "away",
                    "entities": []
                }
            ],
            "traits": [],
            "intent": "pull"
        },
        {
            "text": "Pull away from me a little",
            "entities": [
                {
                    "entity": "direction:direction",
                    "start": 5,
                    "end": 9,
                    "body": "away",
                    "entities": []
                }
            ],
            "traits": [],
            "intent": "pull"
        },
        {
            "text": "Pull closer",
            "entities": [
                {
                    "entity": "direction:direction",
                    "start": 5,
                    "end": 11,
                    "body": "closer",
                    "entities": []
                }
            ],
            "traits": [],
            "intent": "pull"
        },
        {
            "text": "Pull here",
            "entities": [
                {
                    "entity": "direction:direction",
                    "start": 5,
                    "end": 9,
                    "body": "here",
                    "entities": []
                }
            ],
            "traits": [],
            "intent": "pull"
        },
        {
            "text": "Pull it all the way here",
            "entities": [
                {
                    "entity": "direction:direction",
                    "start": 20,
                    "end": 24,
                    "body": "here",
                    "entities": []
                },
                {
                    "entity": "move_strength:move_strength",
                    "start": 8,
                    "end": 19,
                    "body": "all the way",
                    "entities": []
                }
            ],
            "traits": [],
            "intent": "pull"
        },
        {
            "text": "Pull it away",
            "entities": [
                {
                    "entity": "direction:direction",
                    "start": 8,
                    "end": 12,
                    "body": "away",
                    "entities": []
                }
            ],
            "traits": [],
            "intent": "pull"
        },
        {
            "text": "Pull it closer",
            "entities": [
                {
                    "entity": "direction:direction",
                    "start": 8,
                    "end": 14,
                    "body": "closer",
                    "entities": []
                }
            ],
            "traits": [],
            "intent": "pull"
        },
        {
            "text": "Pull it forward",
            "entities": [
                {
                    "entity": "direction:direction",
                    "start": 8,
                    "end": 15,
                    "body": "forward",
                    "entities": []
                }
            ],
            "traits": [],
            "intent": "pull"
        },
        {
            "text": "Pull it here",
            "entities": [
                {
                    "entity": "direction:direction",
                    "start": 8,
                    "end": 12,
                    "body": "here",
                    "entities": []
                }
            ],
            "traits": [],
            "intent": "pull"
        },
        {
            "text": "Pull it toward me",
            "entities": [
                {
                    "entity": "direction:direction",
                    "start": 8,
                    "end": 14,
                    "body": "toward",
                    "entities": []
                }
            ],
            "traits": [],
            "intent": "pull"
        },
        {
            "text": "Pull left",
            "entities": [
                {
                    "entity": "direction:direction",
                    "start": 5,
                    "end": 9,
                    "body": "left",
                    "entities": []
                }
            ],
            "traits": [],
            "intent": "pull"
        },
        {
            "text": "Pull left a little",
            "entities": [
                {
                    "entity": "direction:direction",
                    "start": 5,
                    "end": 9,
                    "body": "left",
                    "entities": []
                },
                {
                    "entity": "move_strength:move_strength",
                    "start": 10,
                    "end": 18,
                    "body": "a little",
                    "entities": []
                }
            ],
            "traits": [],
            "intent": "pull"
        },
        {
            "text": "Pull that",
            "entities": [],
            "traits": []
        },
        {
            "text": "Pull to the left a little",
            "entities": [
                {
                    "entity": "direction:direction",
                    "start": 12,
                    "end": 16,
                    "body": "left",
                    "entities": []
                },
                {
                    "entity": "move_strength:move_strength",
                    "start": 17,
                    "end": 25,
                    "body": "a little",
                    "entities": []
                }
            ],
            "traits": [],
            "intent": "pull"
        },
        {
            "text": "Pull toward me",
            "entities": [],
            "traits": [],
            "intent": "pull"
        },
        {
            "text": "Pull toward me a little",
            "entities": [
                {
                    "entity": "direction:direction",
                    "start": 5,
                    "end": 11,
                    "body": "toward",
                    "entities": []
                },
                {
                    "entity": "move_strength:move_strength",
                    "start": 15,
                    "end": 23,
                    "body": "a little",
                    "entities": []
                }
            ],
            "traits": [],
            "intent": "pull"
        },
        {
            "text": "Pull toward me a lot",
            "entities": [
                {
                    "entity": "direction:direction",
                    "start": 5,
                    "end": 11,
                    "body": "toward",
                    "entities": []
                },
                {
                    "entity": "move_strength:move_strength",
                    "start": 15,
                    "end": 20,
                    "body": "a lot",
                    "entities": []
                }
            ],
            "traits": [],
            "intent": "pull"
        },
        {
            "text": "Pull toward me quickly",
            "entities": [
                {
                    "entity": "direction:direction",
                    "start": 5,
                    "end": 11,
                    "body": "toward",
                    "entities": []
                },
                {
                    "entity": "move_strength:move_strength",
                    "start": 15,
                    "end": 22,
                    "body": "quickly",
                    "entities": []
                }
            ],
            "traits": [],
            "intent": "pull"
        },
        {
            "text": "Push",
            "entities": [],
            "traits": [],
            "intent": "push"
        },
        {
            "text": "Push away",
            "entities": [
                {
                    "entity": "direction:direction",
                    "start": 5,
                    "end": 9,
                    "body": "away",
                    "entities": []
                }
            ],
            "traits": [],
            "intent": "push"
        },
        {
            "text": "Push it away",
            "entities": [
                {
                    "entity": "direction:direction",
                    "start": 8,
                    "end": 12,
                    "body": "away",
                    "entities": []
                }
            ],
            "traits": [],
            "intent": "push"
        },
        {
            "text": "Push it away from me",
            "entities": [
                {
                    "entity": "direction:direction",
                    "start": 8,
                    "end": 12,
                    "body": "away",
                    "entities": []
                }
            ],
            "traits": [],
            "intent": "push"
        },
        {
            "text": "Push it away from me a little",
            "entities": [
                {
                    "entity": "direction:direction",
                    "start": 8,
                    "end": 13,
                    "body": "away ",
                    "entities": []
                }
            ],
            "traits": [],
            "intent": "push"
        },
        {
            "text": "Push it to the right",
            "entities": [
                {
                    "entity": "direction:direction",
                    "start": 15,
                    "end": 20,
                    "body": "right",
                    "entities": []
                }
            ],
            "traits": [],
            "intent": "push"
        },
        {
            "text": "Push it toward me",
            "entities": [
                {
                    "entity": "direction:direction",
                    "start": 8,
                    "end": 14,
                    "body": "toward",
                    "entities": []
                }
            ],
            "traits": [],
            "intent": "push"
        },
        {
            "text": "Push it up a little",
            "entities": [
                {
                    "entity": "direction:direction",
                    "start": 8,
                    "end": 10,
                    "body": "up",
                    "entities": []
                }
            ],
            "traits": [],
            "intent": "push"
        },
        {
            "text": "Push it up a lot",
            "entities": [
                {
                    "entity": "move_strength:move_strength",
                    "start": 11,
                    "end": 16,
                    "body": "a lot",
                    "entities": []
                },
                {
                    "entity": "direction:direction",
                    "start": 8,
                    "end": 10,
                    "body": "up",
                    "entities": []
                }
            ],
            "traits": [],
            "intent": "push"
        },
        {
            "text": "Push that",
            "entities": [],
            "traits": []
        },
        {
            "text": "Push to the left a lot",
            "entities": [],
            "traits": [],
            "intent": "push"
        },
        {
            "text": "Push up",
            "entities": [
                {
                    "entity": "direction:direction",
                    "start": 5,
                    "end": 7,
                    "body": "up",
                    "entities": []
                }
            ],
            "traits": [],
            "intent": "push"
        },
        {
            "text": "Push up a lot",
            "entities": [
                {
                    "entity": "direction:direction",
                    "start": 5,
                    "end": 7,
                    "body": "up",
                    "entities": []
                },
                {
                    "entity": "move_strength:move_strength",
                    "start": 8,
                    "end": 13,
                    "body": "a lot",
                    "entities": []
                }
            ],
            "traits": [],
            "intent": "push"
        },
        {
            "text": "Put music on",
            "entities": [],
            "traits": [
                {
                    "trait": "wit$on_off",
                    "value": "on"
                }
            ],
            "intent": "turn_on_radio"
        },
        {
            "text": "Put some music on",
            "entities": [],
            "traits": [
                {
                    "trait": "wit$on_off",
                    "value": "on"
                }
            ],
            "intent": "turn_on_radio"
        },
        {
            "text": "Quickly move to the left",
            "entities": [
                {
                    "entity": "move_strength:move_strength",
                    "start": 0,
                    "end": 7,
                    "body": "Quickly",
                    "entities": []
                },
                {
                    "entity": "direction:direction",
                    "start": 20,
                    "end": 24,
                    "body": "left",
                    "entities": []
                }
            ],
            "traits": [],
            "intent": "move"
        },
        {
            "text": "Quiet",
            "entities": [],
            "traits": [
                {
                    "trait": "wit$on_off",
                    "value": "off"
                }
            ],
            "intent": "turn_off_radio"
        },
        {
            "text": "Quieter",
            "entities": [],
            "traits": []
        },
        {
            "text": "Radio change channel",
            "entities": [],
            "traits": [],
            "intent": "change_station"
        },
        {
            "text": "Radio on",
            "entities": [],
            "traits": [
                {
                    "trait": "wit$on_off",
                    "value": "on"
                }
            ],
            "intent": "turn_on_radio"
        },
        {
            "text": "Radio turn off",
            "entities": [],
            "traits": [
                {
                    "trait": "wit$on_off",
                    "value": "off"
                }
            ],
            "intent": "turn_off_radio"
        },
        {
            "text": "Raise up into the air",
            "entities": [
                {
                    "entity": "direction:direction",
                    "start": 6,
                    "end": 8,
                    "body": "up",
                    "entities": []
                }
            ],
            "traits": [],
            "intent": "move"
        },
        {
            "text": "Red",
            "entities": [
                {
                    "entity": "color:color",
                    "start": 0,
                    "end": 3,
                    "body": "Red",
                    "entities": []
                }
            ],
            "traits": []
        },
        {
            "text": "Remind me to",
            "entities": [],
            "traits": []
        },
        {
            "text": "Remove back",
            "entities": [
                {
                    "entity": "direction:direction",
                    "start": 7,
                    "end": 11,
                    "body": "back",
                    "entities": []
                }
            ],
            "traits": [],
            "intent": "move"
        },
        {
            "text": "Reveal",
            "entities": [],
            "traits": [],
            "intent": "open"
        },
        {
            "text": "Salutations",
            "entities": [],
            "traits": [],
            "intent": "hello"
        },
        {
            "text": "Shoot it across the room",
            "entities": [
                {
                    "entity": "move_strength:move_strength",
                    "start": 0,
                    "end": 5,
                    "body": "Shoot",
                    "entities": []
                },
                {
                    "entity": "direction:direction",
                    "start": 9,
                    "end": 15,
                    "body": "across",
                    "entities": []
                }
            ],
            "traits": [],
            "intent": "move"
        },
        {
            "text": "Shove it left",
            "entities": [
                {
                    "entity": "direction:direction",
                    "start": 9,
                    "end": 13,
                    "body": "left",
                    "entities": []
                },
                {
                    "entity": "move_strength:move_strength",
                    "start": 0,
                    "end": 6,
                    "body": "Shove ",
                    "entities": []
                }
            ],
            "traits": [],
            "intent": "move"
        },
        {
            "text": "Shove.",
            "entities": [],
            "traits": [],
            "intent": "push"
        },
        {
            "text": "Shut",
            "entities": [],
            "traits": [],
            "intent": "close"
        },
        {
            "text": "Shut the drawer",
            "entities": [],
            "traits": [],
            "intent": "close"
        },
        {
            "text": "Sing a song",
            "entities": [],
            "traits": [
                {
                    "trait": "wit$on_off",
                    "value": "on"
                }
            ],
            "intent": "bird_song"
        },
        {
            "text": "Sing me a song",
            "entities": [],
            "traits": [],
            "intent": "bird_song"
        },
        {
            "text": "Skip",
            "entities": [],
            "traits": [],
            "intent": "change_station"
        },
        {
            "text": "Skip radio station",
            "entities": [],
            "traits": []
        },
        {
            "text": "Skip station",
            "entities": [],
            "traits": [],
            "intent": "change_station"
        },
        {
            "text": "Skip this station",
            "entities": [],
            "traits": [],
            "intent": "change_station"
        },
        {
            "text": "Slam shut",
            "entities": [],
            "traits": [],
            "intent": "close"
        },
        {
            "text": "Slide to the left quickly",
            "entities": [
                {
                    "entity": "direction:direction",
                    "start": 13,
                    "end": 17,
                    "body": "left",
                    "entities": []
                },
                {
                    "entity": "move_strength:move_strength",
                    "start": 18,
                    "end": 25,
                    "body": "quickly",
                    "entities": []
                }
            ],
            "traits": [],
            "intent": "pull"
        },
        {
            "text": "Slide to the right slowly",
            "entities": [
                {
                    "entity": "direction:direction",
                    "start": 13,
                    "end": 18,
                    "body": "right",
                    "entities": []
                },
                {
                    "entity": "move_strength:move_strength",
                    "start": 19,
                    "end": 25,
                    "body": "slowly",
                    "entities": []
                }
            ],
            "traits": [],
            "intent": "pull"
        },
        {
            "text": "Slide toward me",
            "entities": [
                {
                    "entity": "direction:direction",
                    "start": 6,
                    "end": 12,
                    "body": "toward",
                    "entities": []
                }
            ],
            "traits": [],
            "intent": "move"
        },
        {
            "text": "Spring forward",
            "entities": [
                {
                    "entity": "direction:direction",
                    "start": 7,
                    "end": 14,
                    "body": "forward",
                    "entities": []
                }
            ],
            "traits": [],
            "intent": "move"
        },
        {
            "text": "Start music",
            "entities": [],
            "traits": [
                {
                    "trait": "wit$on_off",
                    "value": "on"
                }
            ],
            "intent": "turn_on_radio"
        },
        {
            "text": "Start the music",
            "entities": [],
            "traits": [
                {
                    "trait": "wit$on_off",
                    "value": "on"
                }
            ],
            "intent": "turn_on_radio"
        },
        {
            "text": "Start the water",
            "entities": [],
            "traits": [
                {
                    "trait": "wit$on_off",
                    "value": "on"
                }
            ],
            "intent": "turn_on_water"
        },
        {
            "text": "Stop floating",
            "entities": [],
            "traits": [],
            "intent": "drop"
        },
        {
            "text": "Stop levitating",
            "entities": [],
            "traits": [],
            "intent": "drop"
        },
        {
            "text": "Stop music",
            "entities": [],
            "traits": [
                {
                    "trait": "wit$on_off",
                    "value": "off"
                }
            ],
            "intent": "turn_off_radio"
        },
        {
            "text": "Stop music.",
            "entities": [],
            "traits": []
        },
        {
            "text": "Stop the music",
            "entities": [],
            "traits": [
                {
                    "trait": "wit$on_off",
                    "value": "off"
                }
            ],
            "intent": "turn_off_radio"
        },
        {
            "text": "Stop the water",
            "entities": [],
            "traits": [
                {
                    "trait": "wit$on_off",
                    "value": "off"
                }
            ],
            "intent": "turn_off_water"
        },
        {
            "text": "Switch off",
            "entities": [],
            "traits": [
                {
                    "trait": "wit$on_off",
                    "value": "off"
                }
            ],
            "intent": "turn_off"
        },
        {
            "text": "Switch on",
            "entities": [],
            "traits": [
                {
                    "trait": "wit$on_off",
                    "value": "on"
                }
            ],
            "intent": "turn_on"
        },
        {
            "text": "Swtich on the music",
            "entities": [],
            "traits": [],
            "intent": "turn_on_radio"
        },
        {
            "text": "Talk to me",
            "entities": [],
            "traits": [],
            "intent": "hello"
        },
        {
            "text": "Tell me something",
            "entities": [],
            "traits": [],
            "intent": "hello"
        },
        {
            "text": "Tell me your name",
            "entities": [],
            "traits": [],
            "intent": "ask_bird_name"
        },
        {
            "text": "The left",
            "entities": [
                {
                    "entity": "direction:direction",
                    "start": 4,
                    "end": 8,
                    "body": "left",
                    "entities": []
                }
            ],
            "traits": [],
            "intent": "move"
        },
        {
            "text": "The red one",
            "entities": [
                {
                    "entity": "color:color",
                    "start": 4,
                    "end": 7,
                    "body": "red",
                    "entities": []
                }
            ],
            "traits": []
        },
        {
            "text": "Throw across the room",
            "entities": [
                {
                    "entity": "move_strength:move_strength",
                    "start": 0,
                    "end": 5,
                    "body": "Throw",
                    "entities": []
                },
                {
                    "entity": "direction:direction",
                    "start": 6,
                    "end": 13,
                    "body": "across ",
                    "entities": []
                }
            ],
            "traits": [],
            "intent": "move"
        },
        {
            "text": "Throw it across the room",
            "entities": [
                {
                    "entity": "direction:direction",
                    "start": 9,
                    "end": 15,
                    "body": "across",
                    "entities": []
                },
                {
                    "entity": "move_strength:move_strength",
                    "start": 0,
                    "end": 6,
                    "body": "Throw ",
                    "entities": []
                }
            ],
            "traits": [],
            "intent": "move"
        },
        {
            "text": "Throw to the wall",
            "entities": [
                {
                    "entity": "move_strength:move_strength",
                    "start": 0,
                    "end": 5,
                    "body": "Throw",
                    "entities": []
                },
                {
                    "entity": "direction:direction",
                    "start": 9,
                    "end": 17,
                    "body": "the wall",
                    "entities": []
                }
            ],
            "traits": [],
            "intent": "move"
        },
        {
            "text": "Turn On",
            "entities": [],
            "traits": []
        },
        {
            "text": "Turn it down",
            "entities": [],
            "traits": []
        },
        {
            "text": "Turn it lower",
            "entities": [],
            "traits": []
        },
        {
            "text": "Turn it off",
            "entities": [],
            "traits": [
                {
                    "trait": "wit$on_off",
                    "value": "off"
                }
            ],
            "intent": "turn_off"
        },
        {
            "text": "Turn it off please",
            "entities": [],
            "traits": [
                {
                    "trait": "wit$on_off",
                    "value": "off"
                }
            ],
            "intent": "turn_off"
        },
        {
            "text": "Turn it on",
            "entities": [],
            "traits": [
                {
                    "trait": "wit$on_off",
                    "value": "on"
                }
            ],
            "intent": "turn_on"
        },
        {
            "text": "Turn it up",
            "entities": [],
            "traits": []
        },
        {
            "text": "Turn off",
            "entities": [],
            "traits": [],
            "intent": "turn_off"
        },
        {
            "text": "Turn off gravity",
            "entities": [],
            "traits": [],
            "intent": "levitate"
        },
        {
            "text": "Turn off radio",
            "entities": [],
            "traits": [
                {
                    "trait": "wit$on_off",
                    "value": "off"
                }
            ],
            "intent": "turn_off_radio"
        },
        {
            "text": "Turn off the hose",
            "entities": [],
            "traits": [
                {
                    "trait": "wit$on_off",
                    "value": "off"
                }
            ],
            "intent": "turn_off_water"
        },
        {
            "text": "Turn off the radio",
            "entities": [],
            "traits": [
                {
                    "trait": "wit$on_off",
                    "value": "off"
                }
            ],
            "intent": "turn_off_radio"
        },
        {
            "text": "Turn off the water",
            "entities": [],
            "traits": [
                {
                    "trait": "wit$on_off",
                    "value": "off"
                }
            ],
            "intent": "turn_off_water"
        },
        {
            "text": "Turn on",
            "entities": [],
            "traits": [
                {
                    "trait": "wit$on_off",
                    "value": "on"
                }
            ],
            "intent": "turn_on"
        },
        {
            "text": "Turn on that radio",
            "entities": [],
            "traits": [
                {
                    "trait": "wit$on_off",
                    "value": "on"
                }
            ],
            "intent": "turn_on_radio"
        },
        {
            "text": "Turn on the faucet",
            "entities": [],
            "traits": [
                {
                    "trait": "wit$on_off",
                    "value": "on"
                }
            ],
            "intent": "turn_on_water"
        },
        {
            "text": "Turn on the hose",
            "entities": [],
            "traits": [
                {
                    "trait": "wit$on_off",
                    "value": "on"
                }
            ],
            "intent": "turn_on_water"
        },
        {
            "text": "Turn on the music",
            "entities": [],
            "traits": []
        },
        {
            "text": "Turn on the radio",
            "entities": [],
            "traits": [
                {
                    "trait": "wit$on_off",
                    "value": "on"
                }
            ],
            "intent": "turn_on_radio"
        },
        {
            "text": "Turn on the water",
            "entities": [],
            "traits": [
                {
                    "trait": "wit$on_off",
                    "value": "on"
                }
            ],
            "intent": "turn_on_water"
        },
        {
            "text": "Turn on water",
            "entities": [],
            "traits": [
                {
                    "trait": "wit$on_off",
                    "value": "on"
                }
            ],
            "intent": "turn_on_water"
        },
        {
            "text": "Turn that off",
            "entities": [],
            "traits": [
                {
                    "trait": "wit$on_off",
                    "value": "off"
                }
            ],
            "intent": "turn_off"
        },
        {
            "text": "Turn the music off",
            "entities": [],
            "traits": [
                {
                    "trait": "wit$on_off",
                    "value": "off"
                }
            ],
            "intent": "turn_off_radio"
        },
        {
            "text": "Turn the music on",
            "entities": [],
            "traits": [
                {
                    "trait": "wit$on_off",
                    "value": "on"
                }
            ],
            "intent": "turn_on_radio"
        },
        {
            "text": "Turn the radio off",
            "entities": [],
            "traits": [
                {
                    "trait": "wit$on_off",
                    "value": "off"
                }
            ],
            "intent": "turn_off_radio"
        },
        {
            "text": "Turn the radio on",
            "entities": [],
            "traits": [
                {
                    "trait": "wit$on_off",
                    "value": "on"
                }
            ],
            "intent": "turn_on_radio"
        },
        {
            "text": "Turn the water off",
            "entities": [],
            "traits": [
                {
                    "trait": "wit$on_off",
                    "value": "off"
                }
            ],
            "intent": "turn_off_water"
        },
        {
            "text": "Turn the water on",
            "entities": [],
            "traits": [
                {
                    "trait": "wit$on_off",
                    "value": "on"
                }
            ],
            "intent": "turn_on_water"
        },
        {
            "text": "Turn turn the radio on",
            "entities": [],
            "traits": []
        },
        {
            "text": "Turn up the radio",
            "entities": [],
            "traits": []
        },
        {
            "text": "Turn up the volume",
            "entities": [],
            "traits": []
        },
        {
            "text": "Unlock",
            "entities": [],
            "traits": [],
            "intent": "open"
        },
        {
            "text": "Wake B up",
            "entities": [],
            "traits": [],
            "intent": "wake_up_bea"
        },
        {
            "text": "Wake bea up",
            "entities": [],
            "traits": [],
            "intent": "wake_up_bea"
        },
        {
            "text": "Wake her up",
            "entities": [],
            "traits": [
                {
                    "trait": "wit$on_off",
                    "value": "on"
                }
            ],
            "intent": "wake_up_bea"
        },
        {
            "text": "Wake up",
            "entities": [],
            "traits": [
                {
                    "trait": "wit$on_off",
                    "value": "on"
                }
            ],
            "intent": "wake_up_bea"
        },
        {
            "text": "Wake up Bea",
            "entities": [],
            "traits": [
                {
                    "trait": "wit$on_off",
                    "value": "on"
                }
            ],
            "intent": "wake_up_bea"
        },
        {
            "text": "Wake up the old lady",
            "entities": [],
            "traits": [
                {
                    "trait": "wit$on_off",
                    "value": "on"
                }
            ],
            "intent": "wake_up_bea"
        },
        {
            "text": "Water soil",
            "entities": [],
            "traits": []
        },
        {
            "text": "Water the plant",
            "entities": [],
            "traits": [],
            "intent": "turn_on_water"
        },
        {
            "text": "What do I do next?",
            "entities": [],
            "traits": [],
            "intent": "help"
        },
        {
            "text": "What do I do now",
            "entities": [],
            "traits": [],
            "intent": "help"
        },
        {
            "text": "What do i do",
            "entities": [],
            "traits": [],
            "intent": "help"
        },
        {
            "text": "What is your name?",
            "entities": [],
            "traits": [],
            "intent": "ask_bird_name"
        },
        {
            "text": "What next",
            "entities": [],
            "traits": [],
            "intent": "help"
        },
        {
            "text": "What's your name?",
            "entities": [],
            "traits": [],
            "intent": "ask_bird_name"
        },
        {
            "text": "Who are you?",
            "entities": [],
            "traits": [],
            "intent": "ask_bird_name"
        },
        {
            "text": "Who is a pretty bird",
            "entities": [],
            "traits": [],
            "intent": "pretty_bird"
        },
        {
            "text": "Who is a pretty bird?",
            "entities": [],
            "traits": [],
            "intent": "pretty_bird"
        },
        {
            "text": "Who is a pretty pretty",
            "entities": [],
            "traits": []
        },
        {
            "text": "Who's a pretty bird",
            "entities": [],
            "traits": [],
            "intent": "ask_bird_name"
        },
        {
            "text": "Who's a pretty bird?",
            "entities": [],
            "traits": [],
            "intent": "pretty_bird"
        },
        {
            "text": "Who's a pretty pretty",
            "entities": [],
            "traits": []
        },
        {
            "text": "Write a reminder",
            "entities": [],
            "traits": []
        },
        {
            "text": "come here quickly",
            "entities": [
                {
                    "entity": "direction:direction",
                    "start": 5,
                    "end": 9,
                    "body": "here",
                    "entities": []
                },
                {
                    "entity": "move_strength:move_strength",
                    "start": 10,
                    "end": 17,
                    "body": "quickly",
                    "entities": []
                }
            ],
            "traits": [],
            "intent": "move"
        },
        {
            "text": "go away",
            "entities": [
                {
                    "entity": "direction:direction",
                    "start": 3,
                    "end": 7,
                    "body": "away",
                    "entities": []
                }
            ],
            "traits": [],
            "intent": "move"
        },
        {
            "text": "go away quickly",
            "entities": [
                {
                    "entity": "direction:direction",
                    "start": 3,
                    "end": 7,
                    "body": "away",
                    "entities": []
                }
            ],
            "traits": [],
            "intent": "move"
        },
        {
            "text": "help",
            "entities": [],
            "traits": [],
            "intent": "help"
        },
        {
            "text": "hop",
            "entities": [],
            "traits": [],
            "intent": "jump"
        },
        {
            "text": "jump",
            "entities": [],
            "traits": [],
            "intent": "jump"
        },
        {
            "text": "jump a lot",
            "entities": [
                {
                    "entity": "move_strength:move_strength",
                    "start": 5,
                    "end": 10,
                    "body": "a lot",
                    "entities": []
                }
            ],
            "traits": [],
            "intent": "jump"
        },
        {
            "text": "jump up",
            "entities": [
                {
                    "entity": "direction:direction",
                    "start": 5,
                    "end": 7,
                    "body": "up",
                    "entities": []
                }
            ],
            "traits": [],
            "intent": "jump"
        },
        {
            "text": "jump up a little",
            "entities": [
                {
                    "entity": "move_strength:move_strength",
                    "start": 8,
                    "end": 16,
                    "body": "a little",
                    "entities": []
                },
                {
                    "entity": "direction:direction",
                    "start": 5,
                    "end": 7,
                    "body": "up",
                    "entities": []
                }
            ],
            "traits": [],
            "intent": "jump"
        },
        {
            "text": "jump up.",
            "entities": [
                {
                    "entity": "direction:direction",
                    "start": 5,
                    "end": 7,
                    "body": "up",
                    "entities": []
                }
            ],
            "traits": [],
            "intent": "jump"
        },
        {
            "text": "move to the write",
            "entities": [
                {
                    "entity": "direction:direction",
                    "start": 12,
                    "end": 17,
                    "body": "write",
                    "entities": []
                }
            ],
            "traits": [],
            "intent": "move"
        },
        {
            "text": "move write",
            "entities": [
                {
                    "entity": "direction:direction",
                    "start": 5,
                    "end": 10,
                    "body": "write",
                    "entities": []
                }
            ],
            "traits": [],
            "intent": "move"
        },
        {
            "text": "open",
            "entities": [],
            "traits": [
                {
                    "trait": "wit$on_off",
                    "value": "on"
                }
            ],
            "intent": "open"
        },
        {
            "text": "pool",
            "entities": [],
            "traits": []
        },
        {
            "text": "push away",
            "entities": [
                {
                    "entity": "direction:direction",
                    "start": 5,
                    "end": 9,
                    "body": "away",
                    "entities": []
                }
            ],
            "traits": []
        },
        {
            "text": "switch on",
            "entities": [],
            "traits": [
                {
                    "trait": "wit$on_off",
                    "value": "on"
                }
            ],
            "intent": "turn_on"
        },
        {
            "text": "turn on",
            "entities": [],
            "traits": [
                {
                    "trait": "wit$on_off",
                    "value": "on"
                }
            ],
            "intent": "turn_on"
        },
        {
            "text": "turn on the hose",
            "entities": [],
            "traits": [
                {
                    "trait": "wit$on_off",
                    "value": "on"
                }
            ],
            "intent": "turn_on_water"
        },
        {
            "text": "turn the radio on",
            "entities": [],
            "traits": [
                {
                    "trait": "wit$on_off",
                    "value": "on"
                }
            ],
            "intent": "turn_on_radio"
        },
        {
            "text": "what do i do now?",
            "entities": [],
            "traits": [],
            "intent": "help"
        }
    ]
}
