{
    "name": "direction",
    "roles": [
        "direction"
    ],
    "lookups": [
        "keywords"
    ],
    "keywords": [
        {
            "keyword": "across",
            "synonyms": [
                "across"
            ]
        },
        {
            "keyword": "away",
            "synonyms": [
                "away",
                "back",
                "backwards"
            ]
        },
        {
            "keyword": "left",
            "synonyms": [
                "left"
            ]
        },
        {
            "keyword": "right",
            "synonyms": [
                "right",
                "write"
            ]
        },
        {
            "keyword": "toward",
            "synonyms": [
                "closer",
                "forward",
                "here",
                "this way",
                "to me",
                "toward"
            ]
        },
        {
            "keyword": "up",
            "synonyms": [
                "in the air",
                "to the ceiling",
                "to the sky",
                "up"
            ]
        },
        {
            "keyword": "wall",
            "synonyms": [
                "the wall"
            ]
        }
    ]
}
