{
    "name": "move_strength",
    "roles": [
        "move_strength"
    ],
    "lookups": [
        "keywords"
    ],
    "keywords": [
        {
            "keyword": "Blast",
            "synonyms": [
                "blast"
            ]
        },
        {
            "keyword": "Shoot",
            "synonyms": [
                "shoot"
            ]
        },
        {
            "keyword": "Shove",
            "synonyms": [
                "shove"
            ]
        },
        {
            "keyword": "Throw",
            "synonyms": [
                "throw"
            ]
        },
        {
            "keyword": "a little bit",
            "synonyms": [
                "a little bit"
            ]
        },
        {
            "keyword": "all the way",
            "synonyms": [
                "all the way"
            ]
        },
        {
            "keyword": "high",
            "synonyms": [
                "high"
            ]
        },
        {
            "keyword": "normal",
            "synonyms": [
                "normal"
            ]
        },
        {
            "keyword": "quickly",
            "synonyms": [
                "quickly"
            ]
        },
        {
            "keyword": "slowly",
            "synonyms": [
                "slowly"
            ]
        },
        {
            "keyword": "strong",
            "synonyms": [
                "a lot",
                "all the way",
                "blast",
                "fire",
                "high",
                "shoot",
                "shove",
                "strong",
                "throw"
            ]
        },
        {
            "keyword": "weak",
            "synonyms": [
                "a little",
                "a little bit",
                "just a touch",
                "slightly",
                "weak"
            ]
        }
    ]
}
